,index,instructor
0,0,Heidi Blakeway-Phillips
1,1,Melissa Carlisle
3,3,Anthony Bucaro
5,5,Karen Braun
6,6,Dennis Conrad
9,9,Sharon Martin
10,10,Timothy Fogarty
14,14,Gregory Jonas
15,15,Kenneth Haffey
18,18,David Johnson
19,19,Thomas King
21,21,Gary Previts
25,25,Maddalena Rumor
27,27,Nicholas Ziats
28,28,Scott Simpson
30,30,"Bryan Singelyn,Darin Croft"
33,33,"Andrew Crofton,Thomas Brantley"
34,34,Ming Li
35,35,Darin Croft
37,37,Patricia Princehouse
39,39,Bryan Singelyn
45,45,Susanne Wish-Baratz
49,49,Meghan Strong
50,50,Zachary Barsman
51,51,"Alex Steed,Stephen Hunt"
52,52,Daniel Mesaros
53,53,Michael Altose
56,56,Carie Twichell
58,58,Daniel Pistone
59,59,Joseph Rifici
60,60,Kenneth Maloney
61,61,Shane Angus
78,78,David Zagorski
80,80,Ashish Patel
96,96,Katia Almeida
97,97,Melvyn Goldstein
98,98,Lawrence Greksa
99,99,Jim Shaffer
100,100,Sara Thiam
101,101,Nicole Burt
102,102,Gabriella Celeste
105,105,Lee Hoffer
106,106,Megan Schmidt-Sane
108,108,Atwood Gaines
110,110,Yan Zhang
111,111,Janet Mc Grath
112,112,Eli Thorkelson
116,116,Brian Redmond
117,117,Richard Smith
118,118,Cynthia Beall
123,123,Jill Korbin
126,126,Yohannes Ambaye
127,127,Lihong Shi
169,169,Bridget Haas
210,210,Ramez Islambouli
215,215,Lilas Al Dakr
217,217,Maggie Popkin
220,220,Eunyoung Park
221,221,Catherine Scallen
222,222,Elizabeth Bolman
224,224,Elina Gertsman
226,226,Erin Benay
227,227,Andrea Rager
229,229,Henry Adams
256,256,Holly Witchey
259,259,Staff
292,292,George Kozmon
294,294,David King
298,298,Margaret Fischer
300,300,Adriel Meyer
301,301,Martha Lois
303,303,Tim Shuckerow
304,304,Jerry Birchfield
308,308,Sandra Noble
309,309,Sally Levine
316,316,Lori Kella
317,317,Barney Taxel
342,342,James Bonk
343,343,Crystal Myhre
344,344,Stacy McGaugh
345,345,Jeffrey Kriessler
346,346,William Janesh
347,347,R Luck
348,348,James Mihos
355,355,Gregory Harmon
356,356,Li Wang
359,359,Lakshmi Balasubramanyan
360,360,Jose Olavarria Baeza
361,361,Scott Fine
362,362,Leonardo Madureira
363,363,"Marybeth Keeler,Ralitsa Petkova"
366,366,Peter Ritchken
367,367,"Marybeth Keeler,Peter Ritchken"
369,369,"Lakshmi Balasubramanyan,Marybeth Keeler"
371,371,"Leonardo Madureira,Marybeth Keeler"
377,377,Julia Knopes
378,378,Monica Gerrek
379,379,Jason Gatliff
381,381,Eileen Anderson-Fye
382,382,Mark Aulisio
383,383,Aaron Goldenberg
385,385,Patricia Marshall
387,387,Susan Stagno
388,388,Stuart Youngner
389,389,Marsha Michie
390,390,Jonathan Sadowsky
392,392,Insoo Hyun
393,393,"Michael Householder,Suzanne Rivera"
397,397,Leah Jeunnette
401,401,Sana Loue
409,409,"Eileen Anderson-Fye,Jonathan Sadowsky"
415,415,Lauren Sankary
422,422,Jessica Berg
428,428,Nicole Deming
429,429,Robert Guerin
430,430,Oliver Schirokauer
432,432,Kavita Arora
434,434,Martin Snider
435,435,Susan Wang
440,440,Hung-Ying Kao
441,441,Paul Carey
442,442,Focco Van den Akker
443,443,Vivien Yee
444,444,Nelson Phillips
445,445,Marianne Pusztai-Carey
447,447,William Merrick
448,448,David Samols
453,453,"Stanley Adoro,Stephen Fink"
454,454,Colleen Croniger
456,456,"Focco Van den Akker,Hung-Ying Kao"
458,458,"Chris Dealwis,Sichun Yang,Yoshikazu Imanishi"
459,459,David Buchner
460,460,Menachem Shoham
461,461,Eckhard Jankowsky
464,464,David Danielpour
465,465,Jeffery Coller
466,466,Pamela Davis
469,469,Paul Fox
471,471,Saba Valadkhan
473,473,Kristian Baker
474,474,Jonatha Gott
475,475,Timothy Nilsen
476,476,Marion Skalweit
477,477,Ahmad Khalil
478,478,Donny Licatalosi
479,479,Jonathan Stamler
480,480,Scott Welford
481,481,Robert Bonomo
482,482,Johannes Von Lintig
483,483,Jun Qin
484,484,Maria Hatzoglou
509,509,Stanton Gerson
516,516,Clifford Harding
521,521,Kurt Runge
524,524,John Letterio
525,525,Afshin Dowlati
535,535,Thomas Gerken
536,536,Dianne Kube
537,537,Rebecca Benard
538,538,Michael Benard
539,539,Leena Chakravarty
559,559,Valerie Haywood
564,564,Barbara Kuemerle
565,565,Susan Burden-Gulley
574,574,Christopher Cullis
579,579,Peter Thomas
580,580,Ronald Oldfield
582,582,Gurkan Bebek
585,585,Gavin Svenson
587,587,Jessica Fox
588,588,Nancy DiIulio
589,589,Kimberly Crown
591,591,Deborah Harris
593,593,Yolanda Fortenberry
596,596,Richard Drushel
598,598,Jean Moriuchi
600,600,Sarah Diamond
602,602,Radhika Atit
603,603,Ryan Martin
605,605,Hillel Chiel
606,606,Roy Ritzmann
607,607,Brian McDermott
610,610,Arnold Caplan
613,613,Stephen Haynesworth
615,615,Charles Rozek
616,616,Robin Snyder
617,617,Mark Willis
619,619,Emmitt Jolly
620,620,Claudia Mizutani
622,622,Karen Abbott
626,626,Sarah Bagby
628,628,David Burke
630,630,Steven Emancipator
631,631,Kristen Lukas
633,633,John Nedrud
634,634,Helen Salz
635,635,Steven Sanders
637,637,Peter Zimmerman
639,639,M E . Medof
640,640,Denise Su
641,641,Juliana Medeiros
642,642,Nicole Gunter
644,644,Katherine Stuble
645,645,Diana Koester
649,649,Ana Locci
686,686,Patricia Dennis
864,864,Matthias Buck
872,872,Andrea Mario Pompeo Romani
946,946,Umut Gurkan
1028,1028,Timothy Kern
1036,1036,George Dubyak
1037,1037,David Stanek
1038,1038,"Lakshmi Shankar Ramachandran,Marybeth Keeler"
1039,1039,Drew Meyer
1040,1040,Gaius Takor
1056,1056,Benjamin Sturtz
1063,1063,Krista Cunningham
1064,1064,Anthony Pearson
1068,1068,Jeremy Hess
1077,1077,Gregory Tochtrop
1082,1082,Clemens Burda
1084,1084,Daniel Scherson
1088,1088,Anna Cristina Samia
1089,1089,Thomas Gray
1090,1090,Fu-Sen Liang
1091,1091,Michael Zagorski
1092,1092,Blanton Tolbert
1095,1095,Genevieve Sauve
1096,1096,Carlos Crespo
1097,1097,Robert Salomon
1099,1099,Alfred Anderson
1103,1103,Raul Erick Juarez Hernandez
1104,1104,Malcolm Kenney
1105,1105,Irene Nga Wing Lee
1108,1108,John Protasiewicz
1113,1113,Rekha Srinivasan
1118,1118,Chris Dealwis
1141,1141,Michael Kenney
1152,1152,Emily Pentzer
1153,1153,Shane Parker
1154,1154,"Anna Cristina Samia,Carlos Crespo,Clemens Burda,Daniel Scherson,Drew Meyer,Genevieve Sauve"
1204,1204,Lei Zhu
1235,1235,Thomas Kelley
1252,1252,Yanming Wang
1256,1256,Man-Lih Chai
1264,1264,Jonathan Tan
1268,1268,Peter Yang
1277,1277,Piet A J De Boer
1278,1278,Alan Tartakoff
1279,1279,Neena Singh
1280,1280,Stanley Hazen
1281,1281,Roy Silverstein
1282,1282,Thomas McIntyre
1283,1283,Andrea Ladd
1285,1285,Jeremy Rich
1286,1286,Alan Levine
1292,1292,Paul Dicorleto
1293,1293,Gary Landreth
1295,1295,Daniel Popkin
1297,1297,Evelyn Adkins
1298,1298,Rachel Sternberg
1299,1299,Chin-Tai Kim
1301,1301,Timothy Wutrich
1304,1304,Paul Iversen
1307,1307,Peter Knox
1311,1311,"Amy Nowacki,Christine Moravec"
1314,1314,"Christine Moravec,Paola Raska"
1315,1315,"Christine Moravec,Michael Lincoff"
1316,1316,"Christine Moravec,Gerald Beck"
1318,1318,Christine Moravec
1319,1319,"Christine Moravec,Tanya Moore"
1324,1324,Fey Parrill
1325,1325,Todd Oakley
1326,1326,Vera Tobin
1327,1327,William Deal
1329,1329,Mark Turner
1330,1330,Yasuhiro Shirai
1343,1343,Peter Whitehouse
1359,1359,Genine Apidone
1362,1362,Kathryn Rothenberg
1363,1363,Lisa Freebairn
1364,1364,Jean Nisenboum
1366,1366,Shirley Prok
1368,1368,Angela Ciccia
1369,1369,Rachel Mulheren
1371,1371,Kathryn McNeal
1374,1374,Lauren Calandruccio
1378,1378,Barbara Lewis
1381,1381,Heath Demaree
1390,1390,Lee Thompson
1391,1391,"Jean Nisenboum,Kathryn McNeal"
1395,1395,"Bernard Henri,Kathryn McNeal,Lauren Masuga"
1415,1415,James Spilsbury
1421,1421,Thomas Love
1436,1436,Mary Dolansky
1439,1439,"James Spilsbury,Lauren Sankary"
1441,1441,Douglas Einstadter
1442,1442,Wael Jaber
1443,1443,Suchitra Nelson
1444,1444,Amit Gupta
1445,1445,Kristie Ross
1446,1446,John Dumot
1447,1447,Nabil Bissada
1448,1448,Hubert Fernandez
1449,1449,"Anna Maria Hibbs,James Reynolds"
1450,1450,Thomas Sferra
1451,1451,Curtis Donskey
1452,1452,Christine Jellis
1453,1453,Irene Dietz
1454,1454,Anna Maria Hibbs
1455,1455,Deborah Kwon
1456,1456,James Reynolds
1458,1458,John Thornton
1459,1459,Ashwini Sehgal
1461,1461,Kevin Cooper
1462,1462,John Kirwan
1463,1463,Scott Williams
1465,1465,Jill Barnholtz-Sloan
1466,1466,Robert Igo
1467,1467,Kurt Stange
1468,1468,Johnie Rose
1469,1469,Abdus Sattar
1470,1470,"James Spilsbury,Michael Kattan"
1472,1472,Brandon Gregoire
1473,1473,Yuting Zhao
1474,1474,Richard Oaxaca
1475,1475,Ziying Cui
1477,1477,Danielle Dowler
1478,1478,Deepak Sarma
1479,1479,Hannah Blake
1481,1481,Karen Potter
1482,1482,Gary Galbraith
1484,1484,Carrie Langguth
1486,1486,Bradford Petot
1502,1502,Sayan Chatterjee
1503,1503,Satish Nambisan
1504,1504,Youngjin Yoo
1505,1505,Richard Boland
1507,1507,Kalle Lyytinen
1508,1508,Jagdip Singh
1514,1514,Yinghui Wu
1515,1515,Mehmet Koyuturk
1516,1516,Roger French
1518,1518,Laura Bruckman
1520,1520,Jeffrey Yarus
1523,1523,"Matthew Williams,Sam Senyo"
1524,1524,"Efstathios Karathanasis,Gerald Saidel"
1525,1525,"Andrew Shoffstall,Anirban Sen Gupta,Nicholas Ziats"
1527,1527,"Abidemi Ajiboye,Debra McGivney,Matthew Williams"
1528,1528,"Horst von Recum,Zheng-Rong Lu"
1529,1529,Xin Yu
1530,1530,Anirban Sen Gupta
1531,1531,Colin Drummond
1532,1532,"Gerald Saidel,Harihara Baskaran"
1536,1536,"Abidemi Ajiboye,Matthew Williams,Xin Yu"
1539,1539,"Colin Drummond,Matthew Williams"
1541,1541,Miklos Gratzl
1543,1543,Steven Eppell
1544,1544,Andrew Rollins
1545,1545,Horst von Recum
1546,1546,Eben Alsberg
1547,1547,James Basilion
1548,1548,Harihara Baskaran
1549,1549,Dominique Durand
1551,1551,Kenneth Gustafson
1552,1552,Robert Kirsch
1553,1553,Abidemi Ajiboye
1554,1554,P Peckham
1555,1555,Gerald Saidel
1557,1557,Dustin Tyler
1558,1558,David Wilson
1560,1560,Patrick Crago
1561,1561,Jeffrey Duerk
1562,1562,Zheng-Rong Lu
1563,1563,Robert Brown
1565,1565,"David Wilson,Xin Yu,Zhenghong Lee"
1567,1567,"Dominique Durand,Kenneth Laurita"
1569,1569,Michael Martens
1571,1571,"Horst von Recum,Pallavi Tiwari,Satish Viswanath"
1573,1573,"Joseph Jankowski,Theodore Theofrastous"
1578,1578,"Enrique Saldivar,Mehran Mehregany"
1580,1580,Srinivas Raghavan
1582,1582,"Andrew Rollins,Jeffrey Capadona"
1601,1601,Francis Merat
1603,1603,"Jeffrey Capadona,Kenneth Gustafson,Sam Senyo"
1606,1606,Sam Senyo
1627,1627,Zhenghong Lee
1633,1633,David Katz
1635,1635,Cameron McIntyre
1638,1638,Anand Ramamurthi
1639,1639,Raymond Muzic
1640,1640,Ronald Triolo
1651,1651,Jeffrey Capadona
1652,1652,George Muschler
1653,1653,Agata Exner
1654,1654,Andrew Shoffstall
1655,1655,Anant Madabhushi
1658,1658,Andrei Maiseyeu
1659,1659,Vincent Hascall
1663,1663,"Kenneth Gustafson,Patrick Crago"
1665,1665,"David Wilson,Debra McGivney"
1667,1667,Kenneth Laurita
1668,1668,Mark Griswold
1671,1671,Kevin Kilgore
1673,1673,Pallavi Tiwari
1681,1681,Nicole Seiberlich
1687,1687,Satish Viswanath
1696,1696,Efstathios Karathanasis
1698,1698,Musa Audu
1705,1705,Stephen Fening
1721,1721,Kathleen Derwin
1727,1727,David Rosenbaum
1729,1729,James Anderson
1734,1734,D Vince
1735,1735,Barry Wessels
1744,1744,Antonie Van Den Bogert
1747,1747,Albert Waldo
1753,1753,Alex Huang
1758,1758,Vijay Krishna
1761,1761,J. Kevin Donahue
1765,1765,Michael Jenkins
1766,1766,Isabelle Deschenes
1768,1768,Dawn Taylor
1771,1771,Daniel Lacks
1772,1772,Rohan Akolkar
1774,1774,Donald Feke
1776,1776,Uziel Landau
1777,1777,Chung-Chiun Liu
1778,1778,Heidi Martin
1779,1779,Ramanathan Sankaran
1780,1780,Robert Savinell
1781,1781,Jesse Wainright
1782,1782,Burcu Gurkan
1783,1783,Julie Renner
1784,1784,John Angus
1785,1785,Christine Duval
1811,1811,Michael Grossner
1912,1912,Gary Wnek
1954,1954,Katie Wheaton
1957,1957,YeongAe Heo
1958,1958,Michael Pollino
1959,1959,Huichun Zhang
1960,1960,Yue Li
1961,1961,Christian Carloni
1965,1965,Terrance Cybulski
1966,1966,Ruth Klee
1969,1969,Adel Saada
1972,1972,Xiong Yu
1974,1974,Kurt Rhoads
1987,1987,Xiangwu Zeng
2008,2008,Jonathan Ernest
2010,2010,Jenny Hawkins
2011,2011,Andrew Grible
2013,2013,Sining Wang
2014,2014,Martine Lussier
2018,2018,Jeffrey Wolcowitz
2019,2019,Heyu Xiong
2020,2020,Scott Shane
2021,2021,Daniel Shoag
2025,2025,Roman Sheremeta
2028,2028,Mark Sniderman
2033,2033,Mark Votruba
2040,2040,"Angela Miller,Autumn Beechler Stebing,Camala Ross,Molly Watkins,Sara Spiegler"
2041,2041,"Autumn Beechler Stebing,Molly Watkins"
2042,2042,Mohan Reddy
2046,2046,Richard Boyatzis
2054,2054,John Stephens
2066,2066,James Gaskin
2070,2070,Philip Cola
2078,2078,Eileen Doherty
2084,2084,James Eller
2085,2085,Susan Herron
2086,2086,Denise Davis
2087,2087,David Bellini
2088,2088,Joseph Marencik
2094,2094,Harold Connamacher
2104,2104,Erman Ayday
2105,2105,Kenneth Loparo
2109,2109,Evren Gurkan Cavusoglu
2115,2115,Vincenzo Liberatore
2138,2138,Matthew Sargent
2139,2139,Aziz Nazha
2140,2140,Christos Papachristou
2141,2141,Vira Chankong
2142,2142,Shuai Xu
2146,2146,Daniel Saab
2147,2147,Mehran Mehregany
2149,2149,Michael Rabinovich
2151,2151,Soumyajit Mandal
2152,2152,Ronald Loui
2158,2158,Xusheng Xiao
2160,2160,Sree Sreenath
2161,2161,Yanfang Ye
2162,2162,Pan Li
2163,2163,Behnam Malakooti
2165,2165,Murat Cavusoglu
2166,2166,Marija Prica
2167,2167,Larry Sears
2168,2168,Gregory Lee
2171,2171,Amirhossein Sajadi
2174,2174,Michael Fu
2176,2176,Michael Lewicki
2177,2177,H Podgurski
2181,2181,Seyed Hossein Miri Lavasani
2187,2187,Pedram Mohseni
2188,2188,Soumya Ray
2189,2189,Marc Buchner
2191,2191,Wei Lin
2193,2193,Ming-Chun Huang
2199,2199,An Wang
2204,2204,Jing Li
2217,2217,"H Podgurski,Wei Lin"
2221,2221,Andrew Plassard
2244,2244,Wyatt Newman
2251,2251,Christian Zorman
2253,2253,Roger Quinn
2286,2286,Mario Garcia Sanz
2290,2290,Xiang Zhang
2292,2292,Philip Feng
2295,2295,Mingguo Hong
2300,2300,Satya Sahoo
2302,2302,Roberto Fernandez Galan
2320,2320,Alexis Abramson
2352,2352,Mark Allman
2362,2362,James Van Orman
2363,2363,Sharmila Giri
2364,2364,Peter Whiting
2365,2365,Steven Hauck
2366,2366,Peter Mc Call
2367,2367,Nicholas Sutfin
2369,2369,Ralph Harvey
2373,2373,Beverly Saylor
2414,2414,David Schiraldi
2415,2415,Hatsuo Ishida
2416,2416,Rigoberto Advincula
2417,2417,Eric Baer
2418,2418,Liming Dai
2419,2419,Michael-Jon Hore
2422,2422,Joao Maia
2425,2425,Ica Manas-Zloczower
2426,2426,Valentin Rodionov
2427,2427,Svetlana Morozova
2453,2453,Jonathan Pokorski
2462,2462,Alexander Jamieson
2468,2468,YaTing Liao
2548,2548,Jason Bradshaw
2557,2557,Richard Bachmann
2560,2560,Brian Maxwell
2561,2561,Sunniva Collins
2562,2562,"Ozan Akkus,Yingchun Yuan"
2571,2571,Vikas Prakash
2572,2572,Stephen Hostler
2574,2574,Ozan Akkus
2575,2575,John Lewandowski
2577,2577,Kathryn Daltorio
2578,2578,Paul Barnhart
2582,2582,Chirag Kharangate
2583,2583,Yasuhiro Kamotani
2587,2587,Clare Rimnac
2588,2588,Yingchun Yuan
2589,2589,Kiju Lee
2590,2590,James Drake
2593,2593,Bo Li
2594,2594,Malcolm Cooke
2597,2597,Fumiaki Takahashi
2614,2614,Jaikrishnan Kadambi
2622,2622,James Tien
2710,2710,Robert Gao
2736,2736,Vedha Nayagam
2778,2778,Harlow Cohen
2793,2793,Kamlesh Mathur
2798,2798,Melvin Smith
2804,2804,George Vairaktarakis
2836,2836,Ronald Fry
2845,2845,James McGuffin-Cawley
2847,2847,Jennifer Carter
2849,2849,William Baeslack
2850,2850,David Matthiesen
2852,2852,Alp Sehirlioglu
2854,2854,Gerhard Welsch
2855,2855,Mark De Guire
2866,2866,Matthew Willard
2880,2880,Frank Ernst
2887,2887,Peter Lagerlof
2914,2914,David Schwam
2952,2952,Leah Davydov
2953,2953,Camila Ring
2954,2954,Ciarra Bona
2955,2955,Megan Jewell
2956,2956,Philip Derbesy
2957,2957,Hayley Verdi
2958,2958,Joshua Hoeynck
2959,2959,James Sheeler
2960,2960,Thrity Umrigar
2961,2961,Sarah Gridley
2964,2964,Justine Clites
2965,2965,Erika Olbricht
2966,2966,Gregory Vovos
2969,2969,William Marling
2970,2970,Magdalena Vinter
2973,2973,Athena Vrettos
2975,2975,Kimberly Claspy
2977,2977,Robert Spadoni
2981,2981,Mary Grimm
2986,2986,Nese Devenot
2989,2989,John Orlock
2990,2990,Kurt Koenigsberger
2992,2992,Martha Schaffer
2994,2994,Helen Lyons-McFarland
2996,2996,Katherine Robisch
3000,3000,Robert Rowan
3001,3001,Daniel Luttrull
3002,3002,Michael Parker
3021,3021,Timothy Beal
3024,3024,Christopher Flint
3025,3025,Michael Clune
3036,3036,Martha Woodmansee
3039,3039,"Christopher Miller,Marc Buchner"
3091,3091,Joachim Mayer
3097,3097,Theodore Theofrastous
3105,3105,Anne Mcginness
3106,3106,John Flores
3108,3108,Marta Copertari
3112,3112,Thomas Nosek
3113,3113,Jonathan Smith
3115,3115,Ethan Singer
3133,3133,Claudia Anderson
3134,3134,Charlotte Sanpere
3142,3142,Fabienne Pizot-Haymore
3146,3146,Gilbert Doho
3148,3148,Cheryl Toman
3149,3149,Christine Cano
3158,3158,Mary Assad
3160,3160,Ana Codita
3162,3162,Shaofei Lu
3164,3164,Wei Jiang
3166,3166,Gusztav Demeter
3167,3167,Yilmaz Koylu
3182,3182,Susan Dominguez
3186,3186,Gabrielle Parkin
3190,3190,Denna Iammarino
3194,3194,Evanne Juratovac
3200,3200,Bernard Jim
3216,3216,John Blackwell
3231,3231,Einav Rabinovitch-Fox
3233,3233,Anita Howard
3239,3239,Sandra Russ
3241,3241,Jennifer Butler
3243,3243,Lisa Nielson
3245,3245,Peter Shulman
3247,3247,Narcisz Fejes
3249,3249,Eric Chilton
3251,3251,Matthew Burkhart
3255,3255,Karie Feldman
3257,3257,Brian MacGilvray
3261,3261,Andrea Milne
3263,3263,Luke Reader
3265,3265,David Lucas
3267,3267,Brian Clites
3271,3271,Vicki Daniel
3275,3275,Vasudevan Ramanujam
3279,3279,Justin Buchler
3281,3281,Cheryl Killion
3283,3283,Heather Hurwitz
3285,3285,Mary Variath
3289,3289,Annie Pecastaings
3293,3293,Michael Householder
3297,3297,Steven Pinkerton
3301,3301,Kristine Kelly
3305,3305,Paul Ferguson
3307,3307,Arthur Russell
3311,3311,Caitlin Kelly
3315,3315,Anthony Wexler
3319,3319,John Wiehl
3323,3323,Cara Byrne
3327,3327,Bharat Ranganathan
3329,3329,Rachel Kapelle
3331,3331,Thomas Dawkins
3333,3333,David Busch
3339,3339,Ronald Conlon
3340,3340,Mitchell Drumm
3341,3341,Peter Harte
3342,3342,Hua Lou
3343,3343,Guangbin Luo
3344,3344,Anne Matthews
3347,3347,Peter Scacheri
3348,3348,Zhenghe Wang
3349,3349,Thomas LaFramboise
3350,3350,Anna Mitchell
3351,3351,Sudha Iyengar
3353,3353,Paul Tesar
3354,3354,Charis Eng
3355,3355,Craig Hodges
3357,3357,Anthony Wynshaw-Boris
3359,3359,Michelle Longworth
3360,3360,You-Wei Zhang
3361,3361,Drew Adams
3363,3363,Fulai Jin
3364,3364,Yan Li
3365,3365,Jonathan Haines
3366,3366,Qing Wang
3367,3367,Ann Harris
3368,3368,Sanford Markowitz
3369,3369,Ashleigh Schaffer
3371,3371,Helen Miranda
3444,3444,Paul Hay
3449,3449,Enno Lohmeyer
3455,3455,Margaretmary Daley
3466,3466,"Aviva Rothman,Christopher Haufe"
3467,3467,Casey Newmeyer
3468,3468,Michael Goulder
3470,3470,Alan Dowling
3471,3471,John Broich
3472,3472,Elizabeth Todd
3474,3474,Renee Sentilles
3476,3476,Gillian Weiss
3481,3481,Ananya Dasgupta
3483,3483,Aviva Rothman
3484,3484,Christopher Haufe
3485,3485,Theodore Steinberg
3488,3488,John Grabowski
3494,3494,Kenneth Ledford
3497,3497,Daniel Cohen
3499,3499,David Hammack
3502,3502,Miriam Levin
3510,3510,Jay Geller
3524,3524,Elise Hagesfeld
3533,3533,James Edmonson
3586,3586,Derek Abbott
3592,3592,Fredrick Schumacher
3601,3601,"Michael Bruckman,Satish Nambisan"
3605,3605,Daniel Tisch
3606,3606,Brian Grimberg
3607,3607,Kelly McMann
3608,3608,Denise Caterinacci
3616,3616,Margaret Fitzgerald
3617,3617,Yoshiko Kishi
3618,3618,Beth Carter
3621,3621,Yukiko Nishida
3640,3640,Takao Hagiwara
3643,3643,Judith Neulander
3651,3651,Juliet Kostritsky
3652,3652,Anat Beck
3653,3653,Kevin Mc Munigal
3654,3654,Michael Benza
3655,3655,Maxwell Mehlman
3656,3656,Peter Gerhart
3657,3657,Cassandra Robertson
3658,3658,Liam Dunn
3659,3659,David Kutik
3660,3660,Jonathan Adler
3661,3661,Raymond Ku
3662,3662,Timothy Duff
3665,3665,Matthew Salerno
3668,3668,"Avidan Cover,Michael Scharf"
3671,3671,Craig Nard
3672,3672,Angela Gott
3673,3673,"Chris Hunter,Don Bulson"
3674,3674,Charles Korsmo
3678,3678,Paul Feinberg
3679,3679,Katharine Van Tassel
3680,3680,Leon Gabinet
3681,3681,Lewis Katz
3682,3682,Andrew Pollis
3683,3683,Joan Burda
3684,3684,Jaclyn Celebrezze
3685,3685,Jack Turner
3686,3686,Stephen Petras
3691,3691,Stephen Anway
3692,3692,"Ashlyn Carroll,James Johnson"
3693,3693,Juscelino Colares
3694,3694,James Johnson
3696,3696,Shannon French
3698,3698,"Stephen Noffsinger,Susan Hatters-Friedman"
3699,3699,Kirk Nahra
3702,3702,Thomas Hausman
3703,3703,Thomas Piraino
3704,3704,Marvin Sicherman
3705,3705,Russell Shaw
3706,3706,Robert Rapp
3708,3708,Joseph Custer
3709,3709,Dale Nance
3710,3710,Emanuella Groves
3713,3713,Sharona Hoffman
3714,3714,Catherine Lacroix
3715,3715,Jason Korosec
3721,3721,J Philip Calabrese
3722,3722,"Nadeen Aljijakli,Stacy Cozart Martin"
3723,3723,Fabiola Cini
3725,3725,Donald Lampert
3726,3726,"Beatrice Hill,Jonathan Entin"
3728,3728,Benjamin Faller
3730,3730,Ayesha Hardaway
3732,3732,Maya Simek
3734,3734,"Andrew Geronimo,Theodore Theofrastous"
3736,3736,Aleksandar Cuic
3737,3737,Clyde Witt
3738,3738,Romney Cullers
3739,3739,"Jerome Milano,Jonathan Greenberg"
3740,3740,Christian Grostic
3741,3741,Michael Meuti
3745,3745,Jonathan Entin
3746,3746,Michael Scharf
3747,3747,"Benjamin Faller,Laura McNally-Levine"
3753,3753,Laura McNally-Levine
3762,3762,Teresa Contenza
3763,3763,Victor Glasgo
3764,3764,Christopher Butler
3775,3775,David Grzybowski
3786,3786,Isaac Oduro
3788,3788,Eli Rose
3790,3790,Linh Huynh
3792,3792,Marshall Leitman
3794,3794,Michael Hurley
3795,3795,Ulises Fidalgo
3797,3797,Kyle Taljan
3800,3800,Alethea Barbaro
3802,3802,Daniel Balague Guardia
3803,3803,Alexander Strang
3806,3806,David Gurarie
3807,3807,Steven Izen
3808,3808,Robert Volkin
3809,3809,Elizabeth Meckes
3810,3810,Weihong Guo
3813,3813,Joel Langer
3814,3814,Elizabeth Sell
3816,3816,Wanda Strychalski
3821,3821,Michael Gurski
3822,3822,Colin McLarty
3823,3823,Julia Dobrosotskaya
3825,3825,David Singer
3829,3829,Mark Meckes
3830,3830,Daniela Calvetti
3833,3833,Mary Ann Horn
3836,3836,Elisabeth Werner
3843,3843,Erkki Somersalo
3845,3845,Longhua Zhao
3846,3846,Wojbor Woyczynski
3864,3864,"Elisabeth Werner,Stanislaw Szarek"
3880,3880,"David Singer,Michael Gurski"
3882,3882,Jenny Brynjarsdottir
3898,3898,Stanislaw Szarek
3907,3907,Anirban Mondal
3912,3912,Simon Peck
3913,3913,Daniel Solow
3916,3916,Ellen Van Oosten
3920,3920,Alireza Kabirian
3921,3921,James Gilmore
3925,3925,James Jacobberger
3926,3926,Susann Brady-Kalnay
3927,3927,Arne Rietsch
3928,3928,Michael Lederman
3931,3931,Liem Nguyen
3932,3932,Jonathan Karn
3951,3951,Lewis Baum
3954,3954,Gary Pillar
3956,3956,Hyacinthe Schwartz
3959,3959,Michael Belsito
3960,3960,David Sylvan
3967,3967,Jennifer Johnson
3978,3978,"Brandon Cornuke,Michael Goldberg"
3980,3980,Michael Goldberg
3997,3997,Paul Wille
3999,3999,"Diana Ramirez,Paul MacDonald"
4002,4002,Cheryl Thompson
4004,4004,Paul MacDonald
4005,4005,George Buchanan
4006,4006,Somali Ghosh
4008,4008,Robert Widing
4010,4010,Jing Tang
4014,4014,"Frederick Carmicle,John McCluskey"
4017,4017,Charles Tannenbaum
4018,4018,David Van Wagoner
4019,4019,Brian Perkins
4020,4020,Mark Aronica
4022,4022,Oliver Wessely
4023,4023,"Jonathan Smith,Oliver Wessely"
4024,4024,Robert Fairchild
4025,4025,Mohamed Abazeed
4027,4027,Brian Rubin
4028,4028,Christine O'Connor
4029,4029,Justin Lathia
4030,4030,Tara Desilva
4032,4032,Jonathan Brown
4033,4033,Linda Graham
4034,4034,Ofer Reizes
4035,4035,Alex Yuan
4038,4038,Bela Anand-Apte
4039,4039,Christine McDonald
4040,4040,"Jonathan Smith,Riqiang Yan"
4045,4045,Richard Padgett
4046,4046,"Jonathan Smith,Serpil Erzurum"
4047,4047,Jan Claesen
4049,4049,Trine Jorgensen
4051,4051,Sanjay Pimplikar
4053,4053,George Stark
4054,4054,William Schiemann
4055,4055,Thomas Egelhoff
4056,4056,Feng Lin
4058,4058,Yogen Sauntharajah
4059,4059,Paul Park
4061,4061,Carol de la Motte
4063,4063,"Jonathan Smith,Steven Rosenfeld"
4064,4064,"Charis Eng,Jonathan Smith"
4066,4066,Olga Stenina
4067,4067,Jan Jensen
4068,4068,Catherine Stein
4069,4069,Scott Frank
4070,4070,Najeebah Shine
4072,4072,Erika Trapl
4075,4075,"Andrew Curtis,Jacqueline Curtis"
4078,4078,William Bush
4079,4079,Nora Nock
4080,4080,Susan Phillips
4081,4081,Adam Perzynski
4082,4082,Sarah Markt
4084,4084,Ellen Rome
4085,4085,Farren Briggs
4087,4087,Sena Narendran
4089,4089,Heidi Gullett
4090,4090,"Catherine Sullivan,Joseph Sudano"
4092,4092,"Andrew Morris,Scott Frank"
4093,4093,"Andrew Morris,Daniel Tisch,Ethan Singer"
4094,4094,"Andrew Morris,Daniel Tisch,Scott Frank"
4096,4096,"Andrew Morris,Daniel Tisch,Erika Trapl"
4097,4097,"Andrew Morris,Daniel Tisch,Siran Koroukian-Hajinazarian"
4098,4098,"Amy Korsch,Andrew Morris,Kathi Overmier Gant"
4101,4101,David Cooperrider
4104,4104,Corinne Coen
4106,4106,Diana Bilimoria
4109,4109,Jie Ning
4110,4110,Kevin Flynn
4111,4111,Qi Wu
4116,4116,Rakesh Niraj
4119,4119,"Jagdip Singh,Kamlesh Mathur"
4120,4120,"Amra Rausche,C N V Krishnan,Leonardo Madureira"
4141,4141,Ralitsa Petkova
4144,4144,Lakshmi Shankar Ramachandran
4155,4155,"Amra Rausche,Edwin Martinez"
4167,4167,"Gregory Harmon,Lakshmi Balasubramanyan"
4168,4168,C N V Krishnan
4185,4185,Alec Morrison
4187,4187,Daniel Difilippo
4189,4189,John Ours
4190,4190,"Clifford Harding,Derek Abbott"
4195,4195,Denise Howell
4196,4196,Sean Schulze
4197,4197,Lisa Nelson
4198,4198,Meghan Guegold
4199,4199,Matthew Larson
4200,4200,Gregory Banaszak
4201,4201,Olga Radosavljevich
4202,4202,Kathleen Horvath
4203,4203,Dean Southern
4204,4204,Cynthia Watson
4205,4205,Gerardo Teissonniere
4206,4206,Heidi Ruby-Kushious
4207,4207,Bryan Dumm
4208,4208,Don Better
4209,4209,Daniel Gilbert
4210,4210,Carol Ruzicka
4211,4211,Ryan Scherber
4213,4213,Loren Toplitz
4214,4214,Stephen Sims
4215,4215,Mark Demio
4216,4216,Alyssa Paul
4218,4218,Caryl Guinn
4219,4219,"David Rothenberg,Todd Wilson"
4225,4225,"David Rothenberg,Don Better"
4230,4230,Mary Schiller
4233,4233,Ida Mercer
4234,4234,Todd Wilson
4235,4235,Derek Nishimura
4251,4251,Alexander Cooke
4255,4255,Shuai Wang
4259,4259,Marshall Griffith
4260,4260,Lewis Bennett
4261,4261,Kathie Stewart
4264,4264,Kathryn Brown
4302,4302,Emily Stauch
4310,4310,Kenneth Heinlein
4313,4313,"David Rothenberg,Heidi Ruby-Kushious"
4354,4354,"Cynthia Watson,David Rothenberg"
4383,4383,Debra Nagy
4384,4384,Julie Andrijeski
4388,4388,Rene Schiffer
4389,4389,Jaap ter Linden
4392,4392,"David Rothenberg,Gerardo Teissonniere"
4395,4395,Clifford Billions
4402,4402,Dina Toliver
4441,4441,Francesca Brittan
4454,4454,Georgia Cowart
4455,4455,Daniel Goldmark
4456,4456,Susan McClary
4457,4457,David Rothenberg
4458,4458,Robert Walser
4483,4483,Bruce Egre
4492,4492,Xinyuan Hu
4495,4495,Brian Sweigart
4496,4496,Anthony Slusser
4507,4507,Allison Paetz
4509,4509,Benjamin Helton
4511,4511,Matthew Garrett
4512,4512,Lisa Koops
4519,4519,Nathan Kruse
4545,4545,"Hallie Moore,Heidi Ruby-Kushious"
4546,4546,"Don Better,Hallie Moore"
4552,4552,Carolyn Warner
4554,4554,Kenneth Wendt
4555,4555,Steven Greenman
4559,4559,Jason Falkofsky
4561,4561,Michael Peters
4568,4568,David Ellis
4571,4571,Eric Charnofsky
4574,4574,Elena Mullins
4575,4575,Allison Monroe
4580,4580,Taylor McClaskie
4581,4581,James Aldridge
4582,4582,Stephanie Ruozzo
4586,4586,Tatiana Zilotina
4588,4588,David Gilson
4601,4601,"Eric Charnofsky,Susan McClary"
4615,4615,Andrew Kluth
4673,4673,Diane Urista
4674,4674,Lisa Rainsong
4675,4675,Alan Reese
4676,4676,Jason Jedlicka
4677,4677,Samuel Bivens
4682,4682,Allen Yueh
4687,4687,Timothy Cutler
4697,4697,Ganes Sen
4698,4698,Cornelia Bergmann
4701,4701,Robert Silverman
4702,4702,Scott Sieg
4703,4703,Miguel Quinones
4706,4706,John Tilton
4708,4708,Jacek Skowronski
4709,4709,Cathleen Carlin
4719,4719,Nicole Steinmetz
4724,4724,David Friel
4727,4727,Heather Broihier
4732,4732,Polyxeni Philippidou
4733,4733,Lin Mei
4735,4735,Evan Deneris
4737,4737,Jerry Silver
4738,4738,Ben Strowbridge
4739,4739,Richard Zigmond
4740,4740,Sudha Chakrapani
4741,4741,Wen-Cheng Xiong
4742,4742,Eli Bar
4743,4743,Andrew Pieper
4756,4756,Andrew Sloan
4759,4759,Maria Emerick
4763,4763,Brittany Cermak
4765,4765,Hope Barkoukis
4770,4770,"Najeebah Shine,Tamara Randall"
4771,4771,David Cavallo
4772,4772,"Brittany Cermak,Tamara Randall"
4773,4773,Catherine Rogers
4775,4775,James Swain
4777,4777,"Jennifer Kerner,Rosanna Watowicz"
4778,4778,Lynn Kam
4780,4780,Stephanie Harris
4781,4781,"Rosa Hand,Stephanie Harris"
4784,4784,Danny Manor
4785,4785,Michelle Puchowicz
4788,4788,Henri Brunengraber
4790,4790,Rosa Hand
4797,4797,Cheryl Cameron
4801,4801,Tamara Randall
4802,4802,Sichun Yang
4818,4818,Rosanna Watowicz
4819,4819,Sanjay Gupta
4820,4820,David Lodowski
4826,4826,"Joseph LaManna,Kui Xu,Michelle Puchowicz"
4828,4828,Sandra Pichette
4829,4829,Jodi Wolff
4831,4831,Stephanie Merlino
4839,4839,"Rosanna Watowicz,Tamara Randall"
4844,4844,Sharon Groh-Wargo
4881,4881,"Kathleen Massoli,Kerry Quisenberry,Sonya Moore"
4886,4886,"Ashley Austin,Judith Lewis,Kerry Quisenberry,Sonya Moore"
4887,4887,"Angela Milosh,Mark Caldwell,Sonya Moore"
4888,4888,Mary Franklin
4891,4891,Mary Quinn Griffin
4892,4892,Mary Dehaan
4895,4895,Angela Arumpanayil
4897,4897,Andrew Reimer
4899,4899,Janine Galeski
4901,4901,Rita Sfiligoj
4903,4903,Molly Jackson
4904,4904,Cynthia Danko
4911,4911,"Kathleen Juniper,Mary Franklin"
4913,4913,Marguerite DiMarco
4923,4923,Matthew Plow
4924,4924,Deborah Lindell
4925,4925,Maryjo Prince-Paul
4928,4928,Mary Terhaar
4929,4929,"Latina Brooks,Mary Terhaar"
4931,4931,Rebecca Patton
4932,4932,Evelyn Duffy
4935,4935,Marisa Wilson
4936,4936,"Latina Brooks,Marisa Wilson"
4937,4937,Chris Winkelman
4938,4938,Celeste Alfes
4940,4940,Donna Dowling
4941,4941,Irena Kenneley
4942,4942,Allison Webel
4946,4946,Amelia Bieda
4947,4947,Diana Morris
4948,4948,Joyce Fitzpatrick
4949,4949,Barbara Daly
4951,4951,Carol Savrin
4954,4954,Faye Gary
4955,4955,Elizabeth Click
4956,4956,Elizabeth Damato
4958,4958,Sara Douglas
4960,4960,Carol Musil
4961,4961,Gretchen Mettler
4964,4964,Valerie A Boebel Toly
4965,4965,Patricia Satariano-Hayden
4967,4967,Susan Ludington
4968,4968,Carol Kelley
4969,4969,Susan Mazanec
4970,4970,Jane Marek
4972,4972,Marilyn Lotas
4974,4974,Susan Painter
4976,4976,Ronald Hickman
4978,4978,Latina Brooks
4983,4983,M Suresky
4994,4994,Patricia McDonald
5001,5001,Jaclene Zauszniewski
5006,5006,Patricia Higgins
5012,5012,Mark Caldwell
5016,5016,Sonya Moore
5017,5017,Mary Kerr
5057,5057,"Katharine Chapman,Marguerite DiMarco"
5061,5061,"Marguerite DiMarco,Valerie A Boebel Toly"
5065,5065,Carli Carnish
5067,5067,"Amelia Bieda,Helene Lannon"
5076,5076,"David Kaniecki,Deborah Dillon"
5077,5077,David Kaniecki
5078,5078,"Carol Savrin,Melissa Seidowski"
5092,5092,"Kahla Gagne,Marguerite DiMarco,Shanna Botos"
5097,5097,"Kahla Gagne,Shanna Botos"
5098,5098,Janna Kinney
5099,5099,Elizabeth Zimmermann
5112,5112,Shannon Wong
5113,5113,Kelly McConnell
5114,5114,Deborah Dillon
5115,5115,"Colleen Nikstenas,Jane Marek"
5121,5121,"Celeste Alfes,Jane Marek"
5132,5132,Beverly Capper
5138,5138,Connie Kelling
5143,5143,"Celeste Alfes,Kathleen Juniper"
5146,5146,Laurine Gajkowski
5150,5150,"Celeste Alfes,Jessica Hoskin"
5153,5153,Julie Hopkins
5168,5168,Catherine Koppelman
5177,5177,Esther Bernhofer
5193,5193,Grant O'Connell
5200,5200,"Chris Winkelman,David Kaniecki"
5205,5205,Scott Moore
5209,5209,Marie Grosh
5212,5212,"Grant O'Connell,Lisa Cascarelli,M Linda A Workman"
5218,5218,Rachel Kay
5239,5239,"Gretchen Mettler,Janine Galeski"
5243,5243,"Diana Morris,May Wykle"
5254,5254,"Ashwini Sehgal,Catherine Sullivan,Joseph Sudano"
5255,5255,Rebecca Darrah
5263,5263,Nicholas Schiltz
5265,5265,Amy Zhang
5273,5273,Christopher Burant
5289,5289,Joachim Voss
5298,5298,Chao-Pin Hsiao
5319,5319,Shitao Yang
5329,5329,Tracey Messer
5331,5331,Susan Case
5334,5334,Samantha Erskine
5335,5335,"Ellen Van Oosten,Sree Sreenath"
5378,5378,Christopher Laszlo
5391,5391,"Joseph LaManna,Kui Xu"
5392,5392,"Cynthia Lord,Jensen Lewis"
5393,5393,Cynthia Lord
5394,5394,Jensen Lewis
5395,5395,Sara Kraus
5396,5396,Craig Myers
5397,5397,Desiree Palumbo
5400,5400,Nancy Ivansek
5401,5401,Darrell Hulisz
5403,5403,"Craig Myers,Desiree Palumbo"
5404,5404,William Schilling
5420,5420,"Craig Myers,Cynthia Lord"
5444,5444,"Casey Schroeder Jenkinson,Craig Myers"
5467,5467,Wenquan Zou
5468,5468,"Wenzhang Wang,Xiongwei Zhu"
5470,5470,Xiongwei Zhu
5471,5471,Brian Cobb
5473,5473,Pamela Wearsch
5476,5476,"Tsan Xiao,Vincent Monnier"
5480,5480,Edward Greenfield
5481,5481,Christopher King
5484,5484,Qingzhong Kong
5485,5485,Clark Distelhorst
5487,5487,Thomas Hamilton
5491,5491,Eric Pearlman
5494,5494,Shu Chen
5495,5495,Donald Anthony
5497,5497,W Boom
5498,5498,Alvin Schmaier
5499,5499,Samuel Chao
5506,5506,Alexandru Almasan
5507,5507,Booki Min
5508,5508,Carlos Subauste
5512,5512,Xiaoxia Li
5516,5516,David Wald
5518,5518,Goutham Narla
5520,5520,Mark Jackson
5523,5523,Diana Ramirez
5524,5524,Lan Zhou
5525,5525,Vincent Monnier
5526,5526,Parameswaran Ramakrishnan
5528,5528,Mukesh Jain
5531,5531,Fabio Cominelli
5532,5532,Xinglong Wang
5533,5533,Laura Nagy
5534,5534,Jason Mears
5536,5536,Stanley Adoro
5538,5538,Rafick Sekaly
5545,5545,Tracey Bonfield
5546,5546,Theresa Pizarro
5555,5555,Mahmoud Ghannoum
5556,5556,Sam Mesiano
5557,5557,Charles Malemud
5558,5558,Thomas Dick
5559,5559,John Pink
5560,5560,James Finke
5566,5566,James Kazura
5608,5608,Richard Ransohoff
5616,5616,Reshmi Parameswaran
5620,5620,Derek Taylor
5624,5624,Michael Fitzpatrick
5625,5625,Daniel Song
5626,5626,Julie Pratt
5627,5627,Todd Wojtkowski
5629,5629,Dereck Slesh
5630,5630,Kirsten McMahon
5632,5632,Jennifer Reimer
5635,5635,Tammy Williams
5639,5639,Matthew Englander
5641,5641,Todd McGuinness
5642,5642,Karen Farrell
5646,5646,Josephine Henry
5647,5647,Warren Miller
5648,5648,Greggory Lolli
5652,5652,Douglas Milliken
5653,5653,Kelly Muffley
5657,5657,Kristen Kinzer
5661,5661,Nicholas Callahan
5669,5669,Brandon Bianco
5672,5672,Kathleen Lanese
5682,5682,Jennifer Simonetti
5691,5691,Taylor Jurczynski
5695,5695,"Aaron Marcovy,Patrick Kennedy"
5697,5697,Thomas Nagy
5699,5699,Eric Schmuhl
5707,5707,Greg Debeljak
5716,5716,Patrick Kennedy
5717,5717,Aaron Gunther
5719,5719,"Aaron Gunther,Alexandra Abou Abdallah"
5721,5721,Tianna Cobb
5725,5725,Matthew Coate
5726,5726,Laura Hengehold
5738,5738,Jeremy Bendik-Keymer
5739,5739,Anthony Jack
5770,5770,"Anthony Jack,Laura Hengehold"
5772,5772,Xin Qi
5773,5773,Witold Surewicz
5774,5774,"Andrea Mario Pompeo Romani,William Schilling"
5777,5777,Walter Boron
5781,5781,Michael Decker
5783,5783,Carole Liedtke
5784,5784,Jeffrey Garvin
5785,5785,Stephen Jones
5786,5786,Joseph LaManna
5791,5791,"Cynthia Lord,William Schilling"
5796,5796,"Andrea Mario Pompeo Romani,Julian Stelzer"
5799,5799,"Andrea Mario Pompeo Romani,Joseph LaManna,Julian Stelzer,Thomas Nosek"
5804,5804,"George Dubyak,Stephen Jones"
5822,5822,Tingwei Mu
5824,5824,Rossana Occhipinti
5826,5826,Rajesh Ramachandran
5829,5829,Julian Stelzer
5832,5832,Kui Xu
5840,5840,Faramarz Ismail-Beigi
5842,5842,Stephen Lewis
5843,5843,Peter MacFarlane
5844,5844,Richard Martin
5847,5847,Jeffrey Schelling
5848,5848,Bingcheng Wang
5849,5849,M. Wolfe
5850,5850,Tsan Xiao
5882,5882,Corey Smith
5893,5893,Calvin Cotton
5895,5895,Christopher Ford
5904,5904,Marcin Golczak
5905,5905,John Mieyal
5906,5906,"John Mieyal,Paul MacDonald"
5909,5909,Yoshikazu Imanishi
5911,5911,Phoebe Stewart
5912,5912,"Mark Jackson,Marvin Nieman"
5915,5915,Ruth Keri
5921,5921,Analisa Difeo
5926,5926,Philip Kiser
5943,5943,Marvin Nieman
5944,5944,Magdalena Grabowska
5964,5964,Diana Driscoll
5975,5975,Corbin Covault
5992,5992,Giuseppe Strangi
6015,6015,John Ruhl
6018,6018,Benjamin Monreal
6019,6019,Peter Kernan
6021,6021,"Kenneth Singer,Xuan Gao"
6024,6024,Charles Rosenblatt
6030,6030,Michael Hinczewski
6031,6031,Craig Copi
6032,6032,Kurt Hinterbichler
6033,6033,Glenn Starkman
6035,6035,Philip Taylor
6038,6038,Gary Chottiner
6040,6040,Xuan Gao
6041,6041,Kathleen Kash
6042,6042,Walter Lambrecht
6043,6043,Harsh Mathur
6044,6044,Rolfe Petschek
6047,6047,Kenneth Singer
6050,6050,Jesse Berezovsky
6051,6051,Andrew Tolley
6053,6053,Pavel Fileviez Perez
6055,6055,Lydia Kisley
6056,6056,Idit Zehavi
6076,6076,Shulei Zhang
6077,6077,Edward Caner
6093,6093,Cyrus Taylor
6137,6137,Clara Lipszyc-Arroyo
6142,6142,Girma Parris
6143,6143,Joseph White
6144,6144,Matthew Hodgetts
6145,6145,Elliot Posner
6146,6146,Paul Schroeder
6149,6149,Laura Tartakoff
6155,6155,Pete Moore
6156,6156,Kathryn Lavelle
6200,6200,Yeunjoo Song
6204,6204,Darcy Freedman
6205,6205,Dana Crawford
6211,6211,Xiaofeng Zhu
6217,6217,Jiayang Sun
6219,6219,Carolyn Landis
6222,6222,Pingfu Fu
6228,6228,Elaine Borawski
6229,6229,Vikas Gulani
6230,6230,Jeffrey Albert
6233,6233,Thomas Rehman
6235,6235,Siran Koroukian-Hajinazarian
6236,6236,Sara Debanne
6240,6240,Mark Schluchter
6245,6245,Chun Li
6246,6246,Arin Connell
6249,6249,Robert Elston
6254,6254,Robin Jump
6261,6261,Kathleen Smyth
6262,6262,Alfred Rimm
6267,6267,Greg Cooper
6276,6276,Mark Cameron
6277,6277,Rong Xu
6278,6278,Xiaofeng Wang
6286,6286,"Brian Matthews,Timothy Fogarty"
6289,6289,Gary Deimling
6296,6296,"Andrea Rager,Brian Matthews"
6297,6297,"Andrew Shoffstall,Brian Matthews"
6298,6298,"Brian Matthews,Evelyn Duffy"
6299,6299,"Brian Matthews,Ming-Chun Huang"
6300,6300,"Brian Matthews,Jane Marek"
6302,6302,Jane Buder Shapiro
6303,6303,Rita Obeid
6304,6304,Elizabeth Short
6306,6306,Michael King
6307,6307,Joshua Wilt
6310,6310,Allison Baier
6315,6315,Robert Greene
6317,6317,Sarah Hope Lincoln
6318,6318,Carol Gross
6319,6319,Huangqi Jiang
6320,6320,Julie Exline
6321,6321,Anastasia Dimitropoulos
6322,6322,Grover Gilmore
6324,6324,Norah Feeny
6325,6325,Brooke Macnamara
6327,6327,James Overholser
6336,6336,Amy Przeworski
6364,6364,"Jaina Amin,Sheridan Vecchio"
6382,6382,"Carolyn Landis,Rebecca Hazen"
6418,6418,Rebecca Hazen
6421,6421,Richard Pazol
6447,6447,Joy Bostic
6477,6477,Lara Parks
6478,6478,Julia Ellifritt
6480,6480,Youngmin Cho
6481,6481,Lawrence Bresler
6482,6482,"Ann Nguyen,David Miller,Marjorie Edguer"
6483,6483,"Ann Nguyen,David Miller"
6486,6486,Adrianne Fletcher
6489,6489,Nancy Osgood
6491,6491,"Jennifer Madden,Robert Fischer"
6493,6493,Linda Springer
6494,6494,"Robert Fischer,Suzanne Seifert"
6495,6495,"Jimeka Holloway,Robert Fischer"
6497,6497,"Janus Small,Robert Fischer"
6498,6498,"Patricia Kuivinen,Robert Fischer"
6500,6500,Hyunjune Lee
6501,6501,Rong Bai
6502,6502,Sarah Andrews
6503,6503,Tugba Olgac
6504,6504,Gerald Mahoney
6505,6505,Kylie Evans
6506,6506,Elizabeth Bach
6507,6507,Allison Bruce
6508,6508,"Paul Feinberg,Robert Fischer"
6509,6509,David Miller
6510,6510,Scott Wilkes
6511,6511,Liuhong Yang
6512,6512,Heather Burton
6513,6513,Gerald Strom
6515,6515,Marjorie Edguer
6516,6516,Kathleen Farkas
6518,6518,Zoe Wood
6519,6519,Jennifer King
6524,6524,Patricia Harrelson
6525,6525,Kirsti Kretzschmar-Mouncey
6526,6526,Patricia Sinclair
6527,6527,Tracey Brichacek
6528,6528,Sruti Basu
6529,6529,G Nixon
6533,6533,"Amy Korsch,Nancy Neuer"
6539,6539,"Amy Korsch,Kathi Overmier Gant"
6545,6545,"Amy Korsch,Angela Whidden"
6551,6551,"Amy Korsch,Nicole Parker"
6557,6557,"Amy Korsch,Lori Longs Painter"
6560,6560,"Amy Korsch,Malika Hook Muhammad,Rashonda Clay-Douthit"
6561,6561,"Amy Korsch,Rashonda Clay-Douthit,Stephanie Gilman"
6562,6562,Daniel Flannery
6563,6563,Aviva Vincent
6569,6569,Chava Harris
6570,6570,Cheryl Jamison
6572,6572,Cristina Nedelcu
6573,6573,Anita Moreno
6575,6575,Edie Fiala
6576,6576,Maureen Heffernan
6578,6578,David Crampton
6580,6580,Nancy Wadsworth
6583,6583,Sara Roberts
6585,6585,Robert Fischer
6588,6588,Patrick Clifford
6589,6589,Susan Blasko
6591,6591,Louis Weigele
6592,6592,Marissa Norden
6594,6594,Ann Nguyen
6597,6597,J Romaniuk
6601,6601,Lori Longs Painter
6604,6604,Fei Wang
6605,6605,Amy Korsch
6606,6606,Melissa Romain
6609,6609,Melanie Falls
6610,6610,Natalie Clark
6611,6611,Patrick Boyle
6615,6615,Debbie Taylor
6617,6617,Louis LaMarca
6619,6619,Mark Chupp
6625,6625,Julie Mothersbaugh
6626,6626,David Hussey
6629,6629,Mark Groner
6632,6632,"Pamela Lynch,Travis Scott"
6645,6645,"Amy Korsch,Merri Brindo"
6653,6653,Mark Singer
6654,6654,Sonia Minnes
6655,6655,Karen Ishler
6656,6656,Aloen Townsend
6658,6658,Victor Groza
6660,6660,Mark Joseph
6665,6665,Merl Hokenstad
6666,6666,Claudia Coulton
6668,6668,Dana Prince
6670,6670,Meeyoung Min
6672,6672,David Biegel
6673,6673,Megan Holmes
6674,6674,Laura Voith
6680,6680,"Amy Korsch,Rashonda Clay-Douthit,Susan Snyder"
6684,6684,"Amy Korsch,Chenobia Webster,Rashonda Clay-Douthit"
6685,6685,"Amy Korsch,Jeffrey Iciek,Rashonda Clay-Douthit"
6686,6686,"Amy Korsch,Rashonda Clay-Douthit,Sherlina Thomas"
6690,6690,"Amy Korsch,Jody Timko,Rashonda Clay-Douthit"
6709,6709,Elizabeth Tracy
6725,6725,Samuel Belkin
6728,6728,Spencier Ciaralli
6730,6730,Colette Ngana
6731,6731,Cassi Claytor
6733,6733,Susan Hinze
6734,6734,Michael Slone
6735,6735,"Brian Gran,William Dannefer"
6738,6738,Jessica Kelley
6739,6739,Eva Kahana
6740,6740,Brian Gran
6743,6743,Timothy Black
6744,6744,William Dannefer
6750,6750,Mary Erdmans
6802,6802,Haydee Espino Castillo
6804,6804,Alessandra Parry
6818,6818,M Fernandez
6823,6823,Damaris Punales-Alpizar
6826,6826,Jacqueline Nanfito
6839,6839,Paula Fitzgibbon
6841,6841,Patricia Williamson
6843,6843,Danhong Song
6845,6845,Steven Sidik
6846,6846,Qimin Huang
6849,6849,Brad Simonelli
6870,6870,Minwoo Chae
6885,6885,Mark Chance
6904,6904,Vinay Varadan
6915,6915,Anaya Farrell
6918,6918,Christopher Bohan
6919,6919,Kevin Inouye
6920,6920,Homer Farr
6922,6922,"Homer Farr,Robert Ullom"
6923,6923,Jill Davis
6924,6924,Angelina Herin
6926,6926,Maryann Morris
6927,6927,David Vegh
6933,6933,Robert Ullom
6934,6934,Jerrold Scott
6936,6936,Shanna McGee
6957,6957,Donald Carrier
6978,6978,"James Eller,Jennifer DeSantis,Michelle Cseh"
6980,6980,Michelle Cseh
6984,6984,Elise Geither
6986,6986,"Elise Geither,Rachel Begley"
6994,6994,Marianne Reeves
6997,6997,Scott Hardy
7004,7004,Heidi Moawad
7007,7007,Shaghayegh Khani
7016,7016,Benjamin Sperry
7019,7019,Gabrielle Bychowski
7023,7023,Kristen Beales
7026,7026,Barbara Burgess-Van Aken
7029,7029,Bradley Ricca
7031,7031,William Doll
7033,7033,Thomas Mira y Lopez
7034,7034,Terri Mester
7037,7037,Emily Laurance
7048,7048,Elisabeth Roccoforte
7076,7076,Florin Berindeanu
7078,7078,Dallin Smith
7079,7079,Robert Sheu
7086,7086,Erica Neuman
7091,7091,John Keyser
7098,7098,"Anthony Bucaro,John Keyser,Melissa Carlisle"
7108,7108,Andrew Crofton
7151,7151,"David Zagorski,Michael Patrick"
7172,7172,"Andrew Rollins,Janet Mc Grath"
7177,7177,Brooke Jespersen
7337,7337,Heather Galloway
7432,7432,Edwin Martinez
7435,7435,JB Silvers
7437,7437,Joonki Noh
7440,7440,Joonwoo Bae
7448,7448,"Mark Aulisio,Stuart Youngner"
7452,7452,"Marcie Lambrix,Monica Gerrek"
7458,7458,"Olubukunola Tawose,Robert Guerin"
7475,7475,Suzanne Rivera
7493,7493,Carey Gorden
7495,7495,Michael Flatt
7504,7504,Mahwish Ahmad
7506,7506,"Focco Van den Akker,Vivien Yee"
7529,7529,John Diehl
7551,7551,Jo Wise
7609,7609,James Bader
7661,7661,"Alan Levine,Pamela Wearsch"
7932,7932,"Ben Strowbridge,David Friel,Evan Deneris,Heather Broihier,Jerry Silver"
8114,8114,"Mark Willis,Peter Zimmerman"
8127,8127,Karen Warden
8128,8128,Andrew Bernat
8316,8316,"Arne Rietsch,Cathleen Carlin"
8331,8331,Mark Hammond
8351,8351,Amy Nowacki
8362,8362,Jared Bendis
8405,8405,Keri November
8443,8443,Darlene Moenter
8461,8461,Brian Mercer
8462,8462,Samir Kapadia
8484,8484,Rebecca Morgan
8495,8495,Robert Fox
8497,8497,Eugene Blackstone
8501,8501,Jeffrey Cohen
8502,8502,David Aron
8503,8503,"Bartolome Burguera,James Spilsbury"
8505,8505,Reena Mehra
8508,8508,Pushpa Pandiyan
8509,8509,Daniel Cantillon
8514,8514,Maryam Valapour
8524,8524,Serpil Erzurum
8532,8532,Michael Kattan
8575,8575,Bernard Bailey
8580,8580,Clark Khayat
8605,8605,"Gerald Saidel,Kenneth Gustafson,Musa Audu"
8606,8606,"Dustin Tyler,Miklos Gratzl"
8611,8611,"Gerald Saidel,Matthew Williams"
8622,8622,"Anant Madabhushi,David Wilson"
8649,8649,"Dominique Durand,Miklos Gratzl"
8654,8654,"Efstathios Karathanasis,Nicole Steinmetz,Zheng-Rong Lu"
8656,8656,"Dustin Tyler,Gerald Saidel,Xin Yu"
8878,8878,"Ramanathan Sankaran,Uziel Landau"
8914,8914,"Chung-Chiun Liu,Robert Savinell,Rohan Akolkar,Uziel Landau"
9002,9002,Martin Schmidt
9060,9060,Susan Helper
9067,9067,"Mark Sniderman,Mark Votruba"
9093,9093,Yunmei Wang
9097,9097,Abraham Turetsky
9101,9101,Stephan Liozu
9166,9166,David Kazdan
9197,9197,Nicholas Barendt
9209,9209,Paul Franklin
9613,9613,"Fumiaki Takahashi,Vikas Prakash"
9806,9806,Maurice Adams
9933,9933,Laura Evers
9934,9934,Joseph Spieles
9938,9938,Brita Thielen
9945,9945,Denise Polverine
9946,9946,Andrea Simakis
10073,10073,Peter McEachen
10097,10097,"Angela Miller,Autumn Beechler Stebing,Camala Ross,Camala Ross,Sara Spiegler"
10114,10114,Marie Lathers
10157,10157,Noam Lazebnik
10160,10160,Alan Zhu
10163,10163,Alagramam Kumar
10164,10164,Qing Zheng
10300,10300,Susanne Vees-Gulani
10333,10333,Craig Allen
10343,10343,"Peter Shulman,Renee Sentilles"
10425,10425,Edward Nowicki
10428,10428,Tracy Wilson-Holden
10483,10483,Aaron Perzanowski
10487,10487,Jaime Bouvier
10488,10488,Daniel Jaffe
10489,10489,David Carney
10490,10490,Kathryn Mercer
10492,10492,"Jonathan Gordon,Su He"
10501,10501,"Jonathan Platt,Raymond Russell"
10506,10506,Stanley Dub
10516,10516,Avidan Cover
10518,10518,Gregory Noone
10521,10521,Linda Mittleman
10522,10522,Anne Flamm
10524,10524,John Biernacki
10525,10525,Mark Avsec
10527,10527,Peter Carfagna
10533,10533,Andrew Isakoff
10535,10535,Charles Daroff
10539,10539,"David Schaefer,Kathryn Mercer"
10541,10541,J Holland
10545,10545,Thomas Barnard
10552,10552,"Amy Keating,Christopher Reynolds"
10555,10555,Stacy Cozart Martin
10556,10556,Robert Strassfeld
10557,10557,"Jerome Weiss,Kathryn Mercer"
10559,10559,Steven Stransky
10563,10563,Jonathan Leiken
10567,10567,Matthew Rossman
10576,10576,"Larry Zukerman,Scott Lear"
10577,10577,"John Martin,Mark McCarthy"
10582,10582,Theodore Parran
10679,10679,Mahdi Bayat
10796,10796,Tiffany Schwendeman
10800,10800,Leon Blazey
10808,10808,Udayan Dhar
10859,10859,"Andrew Bischoff,John McCluskey"
10863,10863,Donal Luse
10865,10865,Anna Valujskikh
10867,10867,Philip Ahern
10874,10874,Antoine Louveau
10876,10876,"Brian Rubin,Jonathan Smith"
10882,10882,Donna Driscoll
10890,10890,Suneel Apte
10891,10891,Bruce Lamb
10911,10911,Karen Mulloy
10913,10913,"Andrew Morris,Sarah Koopman Gonzalez"
10914,10914,Katherine Nagel
10915,10915,Loretta Szczotka-Flynn
10926,10926,"Andrew Morris,Katherine Nagel"
10927,10927,Justin Yax
10928,10928,Andrew Morris
10930,10930,"Andrew Morris,Daniel Tisch,Peter Zimmerman"
10931,10931,"Andrew Morris,Daniel Tisch,Katherine Nagel"
10934,10934,"Amy Korsch,Andrew Morris,Angela Whidden,Kathi Overmier Gant"
10965,10965,Donald Schilling
10983,10983,Amra Rausche
10984,10984,Robert Kenney
11226,11226,Jeffrey Irvine
11233,11233,"David Rothenberg,Stephen Sims"
11245,11245,Lisa Crawford
11267,11267,"David Rothenberg,Rene Schiffer"
11281,11281,"Jaap ter Linden,Lewis Bennett"
11327,11327,Keith Fitch
11334,11334,Hallie Moore
11431,11431,Kelli Minelli
11482,11482,"Andrew Kluth,Daniel Goldmark,David Rothenberg,Francesca Brittan,Georgia Cowart,Lewis Bennett,Susan McClary"
11502,11502,"Derek Nishimura,Hallie Moore"
11531,11531,"Alan Reese,Hallie Moore"
11580,11580,Qian Sun
11601,11601,"Brittany Cermak,Hope Barkoukis"
11607,11607,"David Cavallo,Tamara Randall"
11616,11616,"Rosa Hand,Rosanna Watowicz"
11624,11624,Paul Ernsberger
11653,11653,"Ilya Bederman,Michelle Puchowicz"
11697,11697,"Margaret Contrera,Mark Caldwell,Patricia Satariano-Hayden"
11698,11698,"Kerry Quisenberry,Miko Grendow"
11703,11703,"Carol Savrin,Marie Grosh"
11707,11707,"Evelyn Duffy,Katharine Chapman"
11710,11710,"Chris Winkelman,Diane McLaughlin"
11718,11718,Donna Thompson
11877,11877,Carolyn Hodges
11918,11918,"Amelia Bieda,Deborah Dillon,Mary Dolansky"
11920,11920,"Amelia Bieda,Diana Morris"
11922,11922,"Amelia Bieda,Susan Ludington"
11924,11924,"Amelia Bieda,Mary Terhaar"
11926,11926,"Amelia Bieda,Donna Dowling"
11929,11929,"Amelia Bieda,Evanne Juratovac"
11980,11980,Anne Kolenic
11997,11997,Angela Milosh
12002,12002,Carolyn Still
12021,12021,Nathanial Schreiner
12087,12087,Stormy Sweitzer
12157,12157,Anastasia Rowland-Seymour
12228,12228,"David Danielpour,Zhenghe Wang"
12231,12231,Man-Sun Sy
12233,12233,"Wenquan Zou,Xiongwei Zhu"
12234,12234,"Derek Abbott,Neil Greenspan"
12253,12253,Michael Jacobs
12469,12469,Alexandra Abou Abdallah
12519,12519,Tibor Solymosi
12528,12528,Joel Levin
12548,12548,"Sudha Chakrapani,Witold Surewicz"
12557,12557,Xinghong Dai
12564,12564,Fraser Moss
12575,12575,Nami Tajima
12589,12589,John Sedor
12742,12742,"Johannes Von Lintig,John Mieyal"
12752,12752,Janna Kiselar
12755,12755,Monica Montano
12758,12758,Shigemi Matsuyama
12789,12789,Masaru Miyagi
12797,12797,"John Letterio,John Mieyal"
12798,12798,Irina Pikuleva
12870,12870,"Benjamin Monreal,Kathleen Kash"
12995,12995,Michael Wager
13001,13001,Karen Beckwith
